ID,Description,GeneRatio,BgRatio,pvalue,p.adjust,qvalue,geneID,Count
hsa04144,Endocytosis - Homo sapiens (human),63/633,250/8659,4.6049226269771e-19,1.45976047275174e-16,9.50068247250011e-17,9146/10095/10109/10092/27243/23396/8724/9525/10254/10617/160/1211/1212/3482/867/409/3799/9101/4734/830/832/1785/5878/829/1175/5869/10096/382/163/1213/1759/9897/6642/11031/9815/23527/8411/9230/26119/80223/9765/51028/10015/8729/1173/83737/116985/116986/7251/128866/79720/26286/56904/11311/51324/30846/27128/29934/51100/51019/51652/10565/29924,63
hsa05132,Salmonella infection - Homo sapiens (human),57/633,249/8659,2.64532154783145e-15,4.19283465331285e-13,2.72885801776297e-13,10640/10095/10109/10092/9475/11258/302/5216/5788/6237/7295/4790/5595/834/207/3799/5605/5601/6416/837/1785/5878/6990/840/5869/10096/10121/382/6993/391/5604/3831/79026/10381/8737/10540/3606/1639/1778/841/5585/23191/10006/197259/60412/23339/63916/55770/55823/83658/89953/55860/27128/4646/23265/11035/51143,57
hsa05135,Yersinia infection - Homo sapiens (human),35/633,137/8659,2.85194588523306e-11,3.01355615206293e-09,1.96133822282694e-09,2533/10095/10109/10092/23396/9475/8935/920/3688/3678/4790/5595/834/207/5605/5601/6416/1398/5829/2776/6197/10096/382/391/5604/3937/6093/3606/9815/2185/5585/5586/63916/29110/10163,35
hsa04142,Lysosome - Homo sapiens (human),33/633,132/8659,1.97827015100661e-10,1.56777909467274e-08,1.02037091999288e-08,1777/164/2629/2517/3073/1509/5660/3074/1514/1508/967/1211/1212/53/3482/2799/2720/175/1520/9114/10577/1174/1213/162/10312/427/950/138050/2519/8907/26503/1522/1657,33
hsa05131,Shigellosis - Homo sapiens (human),47/633,247/8659,7.49675683767476e-10,4.7529438350858e-08,3.09339861091422e-08,10095/10109/10092/81/9475/826/3688/823/5216/3678/87/3059/5336/824/7414/3098/4790/831/5595/834/207/5601/1398/5829/837/10096/382/5330/5331/5580/472/3611/6093/8737/3606/3709/10318/989/340061/23176/9181/63916/10616/29110/27128/7094/10163,47
hsa00280,Valine, leucine and isoleucine degradation - Homo sapiens (human),18/633,48/8659,2.56102314709147e-09,1.35307389604666e-07,8.8063252075426e-08,5095/1629/34/593/35/4594/11112/3155/10449/223/224/3032/5019/4329/1962/549/65985/56922,18
hsa05100,Bacterial invasion of epithelial cells - Homo sapiens (human),22/633,77/8659,1.5623819000843e-08,7.0753580332389e-07,4.60491507393267e-07,10095/10109/10092/3688/3678/1211/1212/3059/7414/867/1495/1398/5829/1785/10096/391/1213/1759/3611/23176/63916/10163,22
hsa04666,Fc gamma R-mediated phagocytosis - Homo sapiens (human),24/633,97/8659,7.51577693931363e-08,2.97812661220303e-06,1.93827931592825e-06,10095/10109/3636/10092/23396/5579/2934/4067/5788/653361/5336/1072/5595/207/6850/1398/5321/1785/10096/382/5604/5580/3635/10163,24
hsa04810,Regulation of actin cytoskeleton - Homo sapiens (human),39/633,229/8659,4.72727823217918e-07,1.44360662408655e-05,9.39554701381254e-06,4659/10095/10109/10092/81/23396/9475/3688/2934/5216/3678/6237/3684/87/3693/7414/1072/5595/207/5962/4627/5605/1398/8826/5305/5829/10096/5604/6093/10788/3679/9459/89846/23191/128239/54776/81624/10152/10163,39
hsa04621,NOD-like receptor signaling pathway - Homo sapiens (human),34/633,186/8659,4.81253953481125e-07,1.44360662408655e-05,9.39554701381254e-06,10059/1508/7295/4790/3716/5595/834/2634/6772/5601/837/6773/7531/5330/5331/5580/6041/8737/3606/3709/841/5585/5586/3428/57506/340061/90550/140609/55914/10616/29110/22900/11035/51393,34
hsa05170,Human immunodeficiency virus 1 infection - Homo sapiens (human),37/633,212/8659,5.00936052522148e-07,1.44360662408655e-05,9.39554701381254e-06,164/920/2771/5579/2773/5532/5336/4790/1072/5595/995/207/5605/5601/1398/5829/2776/2790/54331/1174/2782/2783/5604/5530/162/472/8737/8450/2185/3709/841/340061/8065/8907/9582/29110/25939,37
hsa04611,Platelet activation - Homo sapiens (human),25/633,124/8659,2.57397841626391e-06,6.79959298296383e-05,4.42543657533093e-05,4659/9475/2771/3688/4067/2773/5336/6916/5595/207/6850/5321/2776/113/5906/5330/5331/695/3937/6093/6786/3709/54518/83706/7094,25
hsa04961,Endocrine and other factor-regulated calcium reabsorption - Homo sapiens (human),15/633,53/8659,3.52455491168988e-06,8.59449159235146e-05,5.59362560883576e-05,160/5579/1211/1212/490/493/2776/1785/1175/163/1213/5330/5331/1759/1173,15
hsa04210,Apoptosis - Homo sapiens (human),26/633,136/8659,4.59615719405319e-06,0.000104070130751062,6.77328428597312e-05,317/5170/4000/1509/823/1514/1508/142/824/4790/4001/1520/5595/207/5605/5601/840/839/5604/84823/472/8737/6709/3709/841/1522,26
hsa05130,Pathogenic Escherichia coli infection - Homo sapiens (human),33/633,198/8659,5.88763978075849e-06,0.000124425454033363,8.09808699669238e-05,64005/4641/4542/10095/10109/10092/9475/9871/3688/3059/4690/4790/5595/834/4627/5601/837/7009/840/10096/382/6093/10381/8737/3606/841/23191/10006/9181/27128/4646/4644/10163,33
hsa04062,Chemokine signaling pathway - Homo sapiens (human),32/633,192/8659,8.14602712283013e-06,0.000161393162371072,0.000105040876057546,9475/2771/5579/4067/2773/653361/5336/4790/5595/207/409/6774/6772/1398/5829/2776/2790/6777/113/6773/54331/5906/2782/2783/5330/5331/5604/5580/6093/2185/57580/1794,32
hsa05161,Hepatitis B - Homo sapiens (human),28/633,162/8659,1.49137203106071e-05,0.000278097019909556,0.000180996234110155,317/23586/7040/5579/5925/4790/3716/10971/5595/207/7529/5605/1026/6774/6772/6776/5601/6416/6777/6773/7534/5604/2033/2185/841/57506/1387/29110,28
hsa00511,Other glycan degradation - Homo sapiens (human),8/633,18/8659,1.7678873839145e-05,0.000311344611500499,0.000202635045173826,2629/2517/3073/3074/2720/175/2519/23324,8
hsa04670,Leukocyte transendothelial migration - Homo sapiens (human),22/633,115/8659,2.44274130659392e-05,0.000407552102205407,0.000265250579552581,81/9475/2771/3688/5579/2773/3684/87/4267/653361/5175/5336/7414/1495/5829/5906/6093/2185/4689/83593/6494/50848,22
hsa04721,Synaptic vesicle cycle - Homo sapiens (human),17/633,78/8659,3.62598865377505e-05,0.000574719201623346,0.000374049355863111,160/1211/1212/526/528/529/523/4905/1785/1175/9114/163/1213/1759/10312/9296/1173,17
hsa05223,Non-small cell lung cancer - Homo sapiens (human),16/633,72/8659,4.76063404848869e-05,0.000697708534958346,0.000454095543256968,5170/5579/5925/5336/5595/207/3799/5605/1026/6774/6776/6777/5604/6789/83593/27436,16
hsa04935,Growth hormone synthesis, secretion and action - Homo sapiens (human),22/633,120/8659,4.84214125207685e-05,0.000697708534958346,0.000454095543256968,2771/5579/2773/5336/5595/207/5605/6774/6772/6776/5601/6416/1398/2776/6777/113/5330/5331/5604/2033/3709/1387,22
hsa04071,Sphingolipid signaling pathway - Homo sapiens (human),22/633,121/8659,5.52086220852961e-05,0.000760918834827777,0.000495235237012267,5170/9475/8879/2771/5579/1509/2773/4790/5595/207/5605/5601/2776/5330/5331/5604/6093/427/5528/5525/5529/91012,22
hsa00640,Propanoate metabolism - Homo sapiens (human),10/633,32/8659,5.98145049647666e-05,0.000790049919742959,0.000514194867240976,5095/1629/593/35/4594/4329/1962/51/55902/8803,10
hsa04110,Cell cycle - Homo sapiens (human),26/633,157/8659,6.37326980291793e-05,0.000808130611009993,0.000525962476367121,10403/11200/7040/5925/10971/896/995/7529/1026/1031/1032/7531/7534/2033/472/8243/5528/5525/5529/25836/10735/27127/10274/1387/23047/9126,26
hsa04664,Fc epsilon RI signaling pathway - Homo sapiens (human),15/633,68/8659,8.9361494025833e-05,0.00108952283100727,0.000709103353403372,5170/4067/5336/241/5595/207/5605/6850/5601/6416/5321/5604/695/3937/3635,15
hsa04145,Phagosome - Homo sapiens (human),25/633,152/8659,9.8400644061946e-05,0.00115529645065322,0.000751911354235533,9146/8417/3688/1514/3678/3684/653361/3693/526/528/1520/11151/529/523/5878/5869/9114/10312/10381/1778/8411/4689/9296/9902/51143,25
hsa04520,Adherens junction - Homo sapiens (human),18/633,93/8659,0.000112880533682451,0.00127796889919061,0.000831751300818062,81/9475/7525/87/5770/7414/5595/1495/8826/5906/2033/5795/6093/4008/5819/1387/83605/10163,18
hsa04814,Motor proteins - Homo sapiens (human),29/633,193/8659,0.000149094824405436,0.00162976066677666,0.00106071091047062,64005/4641/4542/11258/24137/7170/3799/4627/830/832/6990/829/4637/10121/6993/7171/3831/4650/10381/10540/1639/1778/83658/23303/89953/55860/4646/4644/51143,29
hsa05167,Kaposi sarcoma-associated herpesvirus infection - Homo sapiens (human),29/633,194/8659,0.000163472247698527,0.0017273567506811,0.00112423019469864,5925/4067/5532/5336/5610/4790/3716/5595/207/5605/1026/6774/6772/6850/5601/6416/2790/6773/54331/2782/2783/5604/5530/2033/3709/841/57580/1387/29110,29
hsa05203,Viral carcinogenesis - Homo sapiens (human),30/633,204/8659,0.000170695069091529,0.00174549473877467,0.00113603509480271,81/2934/5925/5423/4067/87/5315/5610/4790/3716/6672/10971/5595/896/7529/1026/6774/6776/6850/5829/6777/9114/7531/7534/2033/841/5922/1387/7874/10013,30
hsa05163,Human cytomegalovirus infection - Homo sapiens (human),32/633,225/8659,0.000197219517048351,0.00195370584076023,0.00127154688623279,9475/2771/5579/5925/2773/5532/4790/3716/5595/207/5605/1026/6774/1398/5829/2776/2790/113/54331/2782/2783/5330/5331/5604/5530/6093/8737/2185/3709/841/340061/29110,32
hsa04217,Necroptosis - Homo sapiens (human),25/633,159/8659,0.000205294987186125,0.00197207608903035,0.00128350295019076,10059/27243/9525/2746/823/142/5834/824/5610/3716/834/6774/6772/6776/5601/5321/6777/6773/8737/841/197259/10616/128866/51652/11035,25
hsa04720,Long-term potentiation - Homo sapiens (human),14/633,67/8659,0.000279679560332267,0.00260760060662732,0.0016971267438119,5579/5532/5595/5605/2776/6197/5906/5330/5331/5604/5530/2033/3709/1387,14
hsa05120,Epithelial cell signaling in Helicobacter pylori infection - Homo sapiens (human),14/633,70/8659,0.000450354016674762,0.00407892066531141,0.00265471841408281,102/4067/5336/4790/526/528/529/523/5601/6416/9114/10312/9296/50848,14
hsa04966,Collecting duct acid secretion - Homo sapiens (human),8/633,27/8659,0.000497081022732316,0.00437707456128178,0.00284876843437233,760/526/528/529/523/9114/10312/9296,8
hsa03250,Viral life cycle - HIV-1 - Homo sapiens (human),13/633,63/8659,0.000520954598487814,0.00446331372217938,0.00290489619640431,9146/9525/11168/920/8178/2033/55201/10015/1387/7251/128866/9582/25939,13
hsa04728,Dopaminergic synapse - Homo sapiens (human),21/633,132/8659,0.000551928060486625,0.00460424197827,0.00299661772452572,2771/5579/2773/5532/1312/207/409/3799/5601/2776/2790/54331/2782/2783/5330/5331/5530/3709/5528/5525/5529,21
hsa04380,Osteoclast differentiation - Homo sapiens (human),21/633,135/8659,0.000748056752200668,0.00608035872942594,0.00395733126670259,7305/7040/653361/5532/5336/4790/3716/5595/207/6772/6850/5601/6773/140885/5604/695/5530/3937/3709/4689/489,21
hsa00071,Fatty acid degradation - Homo sapiens (human),10/633,43/8659,0.000853947967299934,0.00676753764085198,0.00440457372607335,34/35/1376/2180/10449/223/224/3032/1962/51,10
hsa04623,Cytosolic DNA-sensing pathway - Homo sapiens (human),15/633,83/8659,0.000879985224999745,0.00680378820304681,0.00442816698587805,1777/23586/4790/834/840/8737/3606/841/3428/57506/340061/197259/29110/25939/11035,15
hsa04910,Insulin signaling pathway - Homo sapiens (human),21/633,137/8659,0.0009100139895649,0.00686843892123984,0.00447024415926618,3636/5170/10211/5573/5834/5576/5770/3098/867/5595/5577/207/5605/5601/1398/5604/2319/9322/5106/5257/23265,21
hsa05205,Proteoglycans in cancer - Homo sapiens (human),28/633,205/8659,0.000932551317270339,0.00687485505987668,0.00447442002900824,4659/5170/9475/7040/3688/5579/1514/3678/967/6237/3059/5336/3693/867/5595/207/6383/5962/5605/1026/6774/8826/5829/5604/6093/3709/27250/54776,28
hsa04014,Ras signaling pathway - Homo sapiens (human),31/633,236/8659,0.000986237413073959,0.00710539227146466,0.0046244625110645,5863/5579/6237/5899/5336/4790/5921/4763/5595/207/5605/5601/5321/2790/5878/54331/5869/382/5906/2782/2783/5604/6789/22821/5922/57186/64926/83593/55770/29110/9462,31
hsa05160,Hepatitis C - Homo sapiens (human),23/633,158/8659,0.00109788875622227,0.007734016349388,0.00503359523320621,317/23586/5925/5610/4790/3716/10971/5595/207/7529/5605/1026/6774/6772/6773/7531/7534/5604/6041/8737/841/57506/29110,23
hsa04730,Long-term depression - Homo sapiens (human),12/633,60/8659,0.00113337990846014,0.00781046589091012,0.00508335153451231,2771/5579/4067/2773/5595/5605/5321/2776/5330/5331/5604/3709,12
hsa05152,Tuberculosis - Homo sapiens (human),25/633,180/8659,0.00135354640287514,0.00898828029955779,0.00584991844168463,317/7040/1509/3684/5532/4790/3716/1520/5595/11151/207/6772/6850/5601/5878/5869/9114/5530/2033/10312/3606/841/8411/1387/9902,25
hsa00410,beta-Alanine metabolism - Homo sapiens (human),8/633,31/8659,0.00136100143337153,0.00898828029955779,0.00584991844168463,35/223/224/4329/1962/1806/51/55748,8
hsa04724,Glutamatergic synapse - Homo sapiens (human),18/633,115/8659,0.00162211976431248,0.0104941217405521,0.0068299779549999,2744/2771/5579/2773/5532/5595/5321/2776/2790/113/54331/2782/2783/5330/5331/5530/3709/9454,18
hsa03082,ATP-dependent chromatin remodeling - Homo sapiens (human),18/633,117/8659,0.001978629250269,0.0125445094467054,0.00816444911689944,8289/9219/86/6595/5931/196528/55193/84295/6601/57459/6603/6602/57634/51773/29117/8932/11176/8295,18
hsa04148,Efferocytosis - Homo sapiens (human),22/633,156/8659,0.00211292682463956,0.0131332902629557,0.00854765031226735,102/7040/5175/3693/5595/834/5605/1398/5878/840/5869/140885/5604/961/8754/196527/286410/489/23339/55823/23200/1788,22
hsa04072,Phospholipase D signaling pathway - Homo sapiens (human),21/633,148/8659,0.00244794296665319,0.0147116288515199,0.00957489375692482,23396/6237/5899/5336/5595/207/5605/6850/5321/1785/113/382/5330/5331/5604/1759/8525/2185/160851/10554/27128,21
hsa00520,Amino sugar and nucleotide sugar metabolism - Homo sapiens (human),10/633,49/8659,0.00245967296255696,0.0147116288515199,0.00957489375692482,1727/3073/3074/3098/2673/7360/51167/55907/55577/10020,10
hsa00513,Various types of N-glycan biosynthesis - Homo sapiens (human),9/633,42/8659,0.00282127597344666,0.016367810810847,0.0106528006605546,6185/3073/3074/4245/1603/4247/201595/84061/11253,9
hsa04662,B cell receptor signaling pathway - Homo sapiens (human),14/633,84/8659,0.00286433875595207,0.016367810810847,0.0106528006605546,3636/5579/4067/5532/5336/4790/5595/207/5605/6850/5604/695/5530/3635,14
hsa04919,Thyroid hormone signaling pathway - Homo sapiens (human),18/633,121/8659,0.00289147446500768,0.016367810810847,0.0106528006605546,5170/9862/5579/5336/5595/207/5605/6772/5330/5331/5604/2033/10499/23389/1387/9968/489/8202,18
hsa04068,FoxO signaling pathway - Homo sapiens (human),19/633,131/8659,0.0030047164359632,0.0164223294862127,0.0106882835108673,5170/7040/5595/207/5605/1026/6774/5601/1032/5604/2033/6789/472/5106/80854/1387/7874/116986/9454,19
hsa04114,Oocyte meiosis - Homo sapiens (human),19/633,131/8659,0.0030047164359632,0.0164223294862127,0.0106882835108673,5532/10971/5595/995/7529/6197/113/7531/7534/5604/5530/3709/8243/5528/5525/5529/27127/9748/9126,19
hsa05164,Influenza A - Homo sapiens (human),23/633,171/8659,0.00314996745985746,0.0166569082673038,0.0108409564017651,317/23586/5579/5610/4790/3716/5595/834/896/207/5605/6772/6773/5604/6041/2033/3606/7706/841/9230/57506/1387/29110,23
hsa05212,Pancreatic cancer - Homo sapiens (human),13/633,76/8659,0.00316271406883786,0.0166569082673038,0.0108409564017651,7040/5925/5899/4790/3716/5595/207/1026/6774/6772/5601/5604/9459,13
hsa04012,ErbB signaling pathway - Homo sapiens (human),14/633,85/8659,0.00320527256878717,0.0166569082673038,0.0108409564017651,5579/4690/5336/867/5595/207/5605/1026/6776/5601/6416/1398/6777/5604,14
hsa04510,Focal adhesion - Homo sapiens (human),26/633,203/8659,0.0034850623580703,0.0178187865727143,0.011597151480166,4659/5170/81/23396/9475/3688/5579/3678/87/824/3693/7414/5595/896/207/5601/1398/5829/5906/5604/3611/6093/3679/54776/64098/7094,26
hsa01200,Carbon metabolism - Homo sapiens (human),17/633,115/8659,0.00399105324629512,0.0200819663345326,0.0130701158942998,3417/9563/2746/5095/2539/5315/35/3098/4594/4199/3418/4329/51/26007/50/55902/8803,17
hsa05231,Choline metabolism in cancer - Homo sapiens (human),15/633,98/8659,0.00477564235329315,0.0236543535311551,0.0153951628494319,5170/23396/5579/5595/207/5605/5601/5321/5130/5604/8525/160851/56994/23446/10163,15
hsa05225,Hepatocellular carcinoma - Homo sapiens (human),22/633,168/8659,0.00530057739938364,0.025850508240071,0.0168245047818493,8289/86/7040/5579/5925/2950/1728/5336/5595/207/5605/1026/6595/9446/5604/196528/55193/6601/6603/6602/10587/29117,22
hsa04015,Rap1 signaling pathway - Homo sapiens (human),26/633,210/8659,0.00549311744321704,0.0263836095378758,0.0171714676055907,2533/2771/3688/5579/5216/2773/6237/3684/5899/5595/207/5605/3397/1398/2776/113/5906/5330/5331/5604/3937/54518/83593/6494/25865/7094,26
hsa04926,Relaxin signaling pathway - Homo sapiens (human),18/633,129/8659,0.00578035893420032,0.0273488624200224,0.0177996912977732,7040/2771/2773/4790/5595/207/409/5605/5601/6416/2790/113/54331/2782/2783/5330/5331/5604,18
hsa05169,Epstein-Barr virus infection - Homo sapiens (human),25/633,202/8659,0.00643288704075598,0.0299886057635242,0.0195177377707147,317/23586/5925/4067/7431/5336/5610/4790/3716/896/207/1026/6774/6772/6850/5601/6416/4734/6773/695/8737/841/57506/7874/29110,25
hsa04146,Peroxisome - Homo sapiens (human),13/633,83/8659,0.00684991918220644,0.031469918561731,0.0204818331001138,8443/3417/6342/25824/2180/3155/5824/3418/3295/1962/51/10901/5827,13
hsa04912,GnRH signaling pathway - Homo sapiens (human),14/633,93/8659,0.00730018155407074,0.0326934170913281,0.0212781329898732,5579/5595/5605/5601/6416/5321/2776/113/5330/5331/5604/5580/2185/3709,14
hsa04120,Ubiquitin mediated proteolysis - Homo sapiens (human),19/633,142/8659,0.00732250035799463,0.0326934170913281,0.0212781329898732,55236/9246/10277/7317/867/7428/7318/4734/8450/9320/26091/9039/8065/140739/83737/65264/10055/10054/51465,19
hsa00480,Glutathione metabolism - Homo sapiens (human),10/633,57/8659,0.00763114128371748,0.0331379696840882,0.0215674649114438,3417/2936/2876/2950/2539/2878/2729/2937/3418/9446,10
hsa01212,Fatty acid metabolism - Homo sapiens (human),10/633,57/8659,0.00763114128371748,0.0331379696840882,0.0215674649114438,34/35/6342/1376/2180/10449/3295/3032/1962/51,10
hsa04625,C-type lectin receptor signaling pathway - Homo sapiens (human),15/633,104/8659,0.00831610498710608,0.0353441068055376,0.0230033037817877,6237/5532/5336/4790/5595/834/207/6772/6850/5601/6773/5580/5530/3709/841,15
hsa04921,Oxytocin signaling pathway - Homo sapiens (human),20/633,154/8659,0.00836217037985904,0.0353441068055376,0.0230033037817877,4659/9475/2771/5579/2773/5532/5595/5605/1026/5321/2776/113/4637/5330/5331/5604/5530/6093/3709/54776,20
hsa05220,Chronic myeloid leukemia - Homo sapiens (human),12/633,76/8659,0.00862454642335175,0.0359734370552961,0.0234128961077139,7040/5925/4790/867/5595/207/5605/1026/6776/1398/6777/5604,12
hsa04140,Autophagy - animal - Homo sapiens (human),21/633,165/8659,0.00876955661477062,0.0361032395698998,0.0234973765754619,8417/5170/1613/10533/9342/1509/1514/1508/6237/5595/207/5605/5601/55014/5604/5580/23339/55823/29110/51100/11152,21
hsa04218,Cellular senescence - Homo sapiens (human),20/633,156/8659,0.00960554632718422,0.0390379254579153,0.0254073829976803,11200/7040/5925/823/6237/5532/824/4790/5595/896/207/5605/1026/5604/5530/472/3709/90550/83593/10111,20
hsa04370,VEGF signaling pathway - Homo sapiens (human),10/633,59/8659,0.00973799744790482,0.0390752555820991,0.0254316788779393,5579/5532/5336/5595/207/5605/5321/5829/5604/5530,10
hsa00531,Glycosaminoglycan degradation - Homo sapiens (human),5/633,19/8659,0.0100976232461108,0.0400118321127139,0.0260412388978646,3073/3074/2799/2720/138050,5
hsa04070,Phosphatidylinositol signaling system - Homo sapiens (human),14/633,97/8659,0.0105232692999613,0.0411836588652807,0.0268039088082185,3636/23396/5579/5336/3612/5305/5330/5331/8525/3709/160851/55529/3635/9107,14
hsa05211,Renal cell carcinoma - Homo sapiens (human),11/633,69/8659,0.0108649411749806,0.0420022725910836,0.0273366940987959,7040/5595/207/5605/1026/7428/1398/5906/5604/2033/1387,11
hsa05166,Human T-cell leukemia virus 1 infection - Homo sapiens (human),26/633,222/8659,0.0111349539123765,0.0425274745810042,0.0276785157492174,11200/7040/920/5925/5423/5532/4790/3716/5595/896/207/5605/1026/6776/1031/5601/6416/6777/113/5604/5530/2033/472/1387/7094/8295,26
hsa04962,Vasopressin-regulated water reabsorption - Homo sapiens (human),8/633,44/8659,0.0132093861692513,0.0498497073291983,0.0324441063806172,4905/5878/5869/10540/1639/1778/9230/51143,8
hsa04622,RIG-I-like receptor signaling pathway - Homo sapiens (human),11/633,71/8659,0.0133703755318525,0.0498636358070263,0.0324531715695738,23586/4790/5601/8737/7706/841/26007/57506/340061/64343/29110,11
hsa04933,AGE-RAGE signaling pathway in diabetic complications - Homo sapiens (human),14/633,100/8659,0.0135999746574408,0.0501301391442877,0.0326266221892093,7040/5579/5336/4790/5595/207/6774/6772/6776/5601/6777/5330/5331/5580,14
hsa04660,T cell receptor signaling pathway - Homo sapiens (human),16/633,121/8659,0.0146810810868261,0.053493134534757,0.0348153889052378,5170/920/5788/5532/4690/4790/5595/207/5605/5601/5604/5530/3937/5528/5525/5529,16
hsa01524,Platinum drug resistance - Homo sapiens (human),11/633,73/8659,0.0162905802392437,0.0586831129072757,0.0381932263982269,317/5170/2067/2950/5595/207/1026/9446/7155/472/841,11
hsa04929,GnRH secretion - Homo sapiens (human),10/633,64/8659,0.016931863255864,0.0603078724956056,0.0392506824145399,5579/5595/207/409/5605/2776/5330/5331/5604/3709,10
hsa04725,Cholinergic synapse - Homo sapiens (human),15/633,113/8659,0.0172228906925124,0.0606628483280716,0.0394817143360519,2771/5579/2773/5595/207/2776/2790/113/54331/2782/2783/5330/5331/5604/3709,15
hsa04270,Vascular smooth muscle contraction - Homo sapiens (human),17/633,134/8659,0.0177923948114005,0.0619801006067467,0.0403390327707865,4659/9475/5579/5595/4627/5605/5321/2776/113/4637/5330/5331/5604/5580/6093/3709/54776,17
hsa04022,cGMP-PKG signaling pathway - Homo sapiens (human),20/633,167/8659,0.0193407794268785,0.0666415986773964,0.0433729149618785,4659/9475/2771/2773/5532/490/493/5595/10105/207/5605/2776/113/5330/5331/5604/5530/6093/3709/489,20
hsa05133,Pertussis - Homo sapiens (human),11/633,76/8659,0.0215319248670736,0.0733937654071219,0.0477674847079393,2771/3688/3678/2773/3684/4790/1072/5595/834/5601/840,11
hsa05221,Acute myeloid leukemia - Homo sapiens (human),10/633,67/8659,0.0228020113217711,0.0768961445638451,0.0500469677387137,3684/4790/5595/207/5605/6774/6776/1050/6777/5604,10
hsa04540,Gap junction - Homo sapiens (human),12/633,88/8659,0.025806086571189,0.0861108362428097,0.0560442434122222,2771/5579/2773/5595/5605/2776/113/5330/5331/5604/10381/3709,12
hsa04066,HIF-1 signaling pathway - Homo sapiens (human),14/633,109/8659,0.027065474661452,0.0891664005434801,0.0580329221534853,7076/5579/5336/3098/4790/5595/207/5605/1026/7428/6774/5604/2033/1387,14
hsa05110,Vibrio cholerae infection - Homo sapiens (human),8/633,50/8659,0.0272843560022636,0.0891664005434801,0.0580329221534853,5336/526/528/529/523/9114/10312/9296,8
hsa05235,PD-L1 expression and PD-1 checkpoint pathway in cancer - Homo sapiens (human),12/633,89/8659,0.0279272301906247,0.0903360405145717,0.0587941688223678,920/5532/4790/3716/5595/207/5605/6774/6772/5604/5530/27436,12
hsa04917,Prolactin signaling pathway - Homo sapiens (human),10/633,70/8659,0.0300204537071872,0.0951648382517835,0.0619369360695653,4790/5595/207/5605/6774/6772/6776/5601/6777/5604,10
hsa05230,Central carbon metabolism in cancer - Homo sapiens (human),10/633,70/8659,0.0300204537071872,0.0951648382517835,0.0619369360695653,3417/2744/2539/5315/3098/5595/207/5605/3418/5604,10
hsa05145,Toxoplasmosis - Homo sapiens (human),14/633,111/8659,0.0310694839805968,0.0975151130876156,0.0634665853068991,5170/7040/2771/3688/2773/4790/3716/5595/10105/207/6774/6772/5601/841,14
hsa00920,Sulfur metabolism - Homo sapiens (human),3/633,10/8659,0.0316557901972725,0.0983812303189745,0.0640302877055255,23474/7263/58472,3
hsa04934,Cushing syndrome - Homo sapiens (human),18/633,155/8659,0.0335664336738729,0.102672398727565,0.0668231451124118,9049/2771/5925/2773/5595/5605/1026/9101/1031/2776/113/5906/5330/5331/5604/3709/57552/79798,18
hsa00270,Cysteine and methionine metabolism - Homo sapiens (human),8/633,52/8659,0.033684320087277,0.102672398727565,0.0668231451124118,10768/2729/2937/7263/56267/55256/1789/1788,8
hsa00510,N-Glycan biosynthesis - Homo sapiens (human),8/633,53/8659,0.0372374050528176,0.112421499064221,0.0731682344897469,6185/4245/1603/4247/84920/201595/84061/11253,8
hsa00562,Inositol phosphate metabolism - Homo sapiens (human),10/633,73/8659,0.0387217251528936,0.115799876164786,0.0753670122141723,3636/23396/5336/3612/5305/5330/5331/4329/3635/9107,10
hsa04726,Serotonergic synapse - Homo sapiens (human),14/633,115/8659,0.0403446038195231,0.118461872272138,0.0770995416415045,2771/5579/2773/5595/5321/2776/2790/54331/2782/2783/5330/5331/5604/3709,14
hsa00600,Sphingolipid metabolism - Homo sapiens (human),8/633,54/8659,0.0410338717970227,0.118461872272138,0.0770995416415045,8879/2629/3073/5660/3074/2720/427/91012,8
hsa05165,Human papillomavirus infection - Homo sapiens (human),33/633,331/8659,0.0413577474286385,0.118461872272138,0.0770995416415045,3688/5925/3678/5315/3693/5610/4790/526/528/3716/5595/896/207/5605/529/523/1026/6772/5829/6773/9114/5604/2033/472/10312/3679/5528/841/5525/5529/9296/1387/29110,33
hsa05417,Lipid and atherosclerosis - Homo sapiens (human),23/633,215/8659,0.0414427049811124,0.118461872272138,0.0770995416415045,317/5170/9475/4067/653361/5532/4790/5595/834/207/6774/5601/6416/840/839/5906/5330/5331/5530/3606/841/4689/29110,23
hsa04530,Tight junction - Homo sapiens (human),19/633,170/8659,0.0414803401331461,0.118461872272138,0.0770995416415045,10095/10109/10092/81/9475/3688/87/3059/5962/4627/5601/4734/5872/4637/10096/5906/6093/9181/50848,19
hsa00650,Butanoate metabolism - Homo sapiens (human),5/633,27/8659,0.0433179822093225,0.122605360360315,0.0797962830171731,35/3155/5019/1962/65985,5
hsa05162,Measles - Homo sapiens (human),16/633,138/8659,0.0439143232546418,0.123193278510809,0.0801789227564956,317/23586/5610/4790/3716/896/207/6774/6772/6776/5601/6777/6773/841/57506/29110,16
hsa03320,PPAR signaling pathway - Homo sapiens (human),10/633,75/8659,0.0454043595569268,0.126255982276717,0.0821722481362664,5170/34/6342/1376/2180/4199/1962/3611/51/5106,10
hsa04371,Apelin signaling pathway - Homo sapiens (human),16/633,139/8659,0.0464227459103886,0.127965308292115,0.0832847432351136,2771/2773/6237/5595/207/5605/2776/2790/113/54331/2782/2783/5330/5331/5604/3709,16
hsa04922,Glucagon signaling pathway - Homo sapiens (human),13/633,107/8659,0.0476900375835103,0.130304488125695,0.0848071714183503,5834/5315/5532/207/2776/5330/5331/5530/2033/3709/5106/1387/5257,13
hsa04971,Gastric acid secretion - Homo sapiens (human),10/633,76/8659,0.0490213951159955,0.130304488125695,0.0848071714183503,760/2771/6522/5579/2773/2776/113/5330/5331/3709,10
hsa05134,Legionellosis - Homo sapiens (human),8/633,56/8659,0.0493772586244401,0.130304488125695,0.0848071714183503,317/3684/4790/834/840/3606/841/23786,8
hsa04713,Circadian entrainment - Homo sapiens (human),12/633,97/8659,0.0496272726863382,0.130304488125695,0.0848071714183503,2771/5579/2773/5595/2776/2790/113/54331/2782/2783/5330/5331,12
hsa01250,Biosynthesis of nucleotide sugars - Homo sapiens (human),6/633,37/8659,0.0497376752782621,0.130304488125695,0.0848071714183503,3098/2673/7360/55907/55577/10020,6
hsa05143,African trypanosomiasis - Homo sapiens (human),6/633,37/8659,0.0497376752782621,0.130304488125695,0.0848071714183503,5579/2776/3043/5330/5331/3606,6
hsa04620,Toll-like receptor signaling pathway - Homo sapiens (human),13/633,108/8659,0.0507658819969406,0.130835647097806,0.0851528701018431,4790/3716/5595/207/5605/6772/5601/6416/6773/5604/8737/841/29110,13
hsa04659,Th17 cell differentiation - Homo sapiens (human),13/633,108/8659,0.0507658819969406,0.130835647097806,0.0851528701018431,7040/920/5532/4790/3716/5595/6774/6772/6776/5601/6777/5530/3556,13
hsa05140,Leishmaniasis - Homo sapiens (human),10/633,77/8659,0.0528264902829675,0.133280627931951,0.0867441576445706,7040/3688/5579/3684/653361/4790/3716/5595/6772/4689,10
hsa00620,Pyruvate metabolism - Homo sapiens (human),7/633,47/8659,0.0528409942054314,0.133280627931951,0.0867441576445706,5315/4199/223/224/3029/5106/55902,7
hsa04750,Inflammatory mediator regulation of TRP channels - Homo sapiens (human),12/633,98/8659,0.0529758962757913,0.133280627931951,0.0867441576445706,5579/5336/5601/5321/2776/113/5330/5331/5580/3709/3556/51393,12
hsa05213,Endometrial cancer - Homo sapiens (human),8/633,58/8659,0.0587486346056609,0.145764962184944,0.0948694424315096,5170/5595/207/1495/5605/1026/5604/3611,8
hsa04727,GABAergic synapse - Homo sapiens (human),11/633,89/8659,0.0588577765289365,0.145764962184944,0.0948694424315096,2744/2771/5579/2773/4905/2790/113/54331/2782/2783/10243,11
hsa04924,Renin secretion - Homo sapiens (human),9/633,69/8659,0.0627602708884944,0.154224851718238,0.100375463844512,2771/1508/2773/5532/2776/5330/5331/5530/3709,9
hsa04916,Melanogenesis - Homo sapiens (human),12/633,101/8659,0.0639282175118123,0.154840708018882,0.100776286806246,2771/5579/2773/5595/5605/2776/113/5330/5331/5604/2033/1387,12
hsa00020,Citrate cycle (TCA cycle) - Homo sapiens (human),5/633,30/8659,0.0639878004746799,0.154840708018882,0.100776286806246,3417/3418/5106/50/8803,5
hsa04972,Pancreatic secretion - Homo sapiens (human),12/633,102/8659,0.0678871194508381,0.160598633327729,0.104523766004433,760/6522/5579/490/493/2776/113/5906/5330/5331/3709/489,12
hsa05142,Chagas disease - Homo sapiens (human),12/633,102/8659,0.0678871194508381,0.160598633327729,0.104523766004433,7040/2771/2773/4790/5595/207/5601/6416/2776/5330/5331/841,12
hsa05146,Amoebiasis - Homo sapiens (human),12/633,102/8659,0.0678871194508381,0.160598633327729,0.104523766004433,81/7040/5579/3684/87/7414/4790/2776/5878/5869/5330/5331,12
hsa04137,Mitophagy - animal - Homo sapiens (human),12/633,103/8659,0.0720025345924641,0.167168143619472,0.10879945591704,4976/6237/9101/5601/5878/5869/23770/84315/55288/23786/54708/29110,12
hsa04668,TNF signaling pathway - Homo sapiens (human),13/633,114/8659,0.0720882286108608,0.167168143619472,0.10879945591704,10059/4790/5595/207/5601/6416/840/5604/8737/841/197259/83737/11035,13
hsa00340,Histidine metabolism - Homo sapiens (human),4/633,22/8659,0.0722461693245038,0.167168143619472,0.10879945591704,223/3176/224/55748,4
hsa04723,Retrograde endocannabinoid signaling - Homo sapiens (human),16/633,148/8659,0.0736645324775172,0.169214904314297,0.110131566480499,2166/2771/5579/2773/5595/5601/2776/2790/113/54331/2782/2783/5330/5331/3709/126328,16
hsa04915,Estrogen signaling pathway - Homo sapiens (human),15/633,137/8659,0.0747411505880567,0.170452839830316,0.110937262516161,2771/1509/2773/5595/207/5605/2776/113/5330/5331/5604/5580/3709/10499/8202,15
hsa05219,Bladder cancer - Homo sapiens (human),6/633,41/8659,0.0754571451739828,0.170856535858232,0.11120000341429,1613/5925/5595/5605/1026/5604,6
hsa04964,Proximal tubule bicarbonate reclamation - Homo sapiens (human),4/633,23/8659,0.0826256961826088,0.185761316949553,0.120900608076083,2744/2746/760/5106,4
hsa04928,Parathyroid hormone synthesis, secretion and action - Homo sapiens (human),12/633,106/8659,0.085298041485076,0.190418867258937,0.123931920912342,2771/5579/2773/5595/409/1026/2776/113/5330/5331/5604/3709,12
hsa05016,Huntington disease - Homo sapiens (human),29/633,306/8659,0.0886573731903887,0.195230673200249,0.127063629245389,317/11258/160/2876/1211/1212/2878/10105/3799/3064/5601/2776/1175/10121/163/1213/5330/5331/3831/2033/10381/10540/1639/841/126328/1387/1173/89953/55860,29
hsa01210,2-Oxocarboxylic acid metabolism - Homo sapiens (human),5/633,33/8659,0.0893010965742463,0.195230673200249,0.127063629245389,3417/1629/593/3418/50,5
hsa04130,SNARE interactions in vesicular transport - Homo sapiens (human),5/633,33/8659,0.0893010965742463,0.195230673200249,0.127063629245389,8417/9342/55014/6811/10490,5
hsa00604,Glycosphingolipid biosynthesis - ganglio series - Homo sapiens (human),3/633,15/8659,0.0915920870591883,0.198867750669608,0.129430779117526,3073/3074/2720,3
hsa04722,Neurotrophin signaling pathway - Homo sapiens (human),13/633,119/8659,0.0937587095369936,0.202187149137598,0.131591171279991,5170/5336/4790/5595/207/5605/5601/1398/6197/7531/5906/5604/5580,13
hsa04931,Insulin resistance - Homo sapiens (human),12/633,108/8659,0.0949588567123681,0.202292475610556,0.131659721798668,5170/5579/5834/5770/4790/207/6774/5601/6197/5580/2673/5106,12
hsa04918,Thyroid hormone synthesis - Homo sapiens (human),9/633,75/8659,0.0951617846194995,0.202292475610556,0.131659721798668,2936/5579/2876/2878/2776/113/5330/5331/3709,9
hsa05215,Prostate cancer - Homo sapiens (human),11/633,97/8659,0.0957219916138277,0.202292475610556,0.131659721798668,5170/5925/2950/4790/5595/207/5605/1026/5604/2033/1387,11
hsa04261,Adrenergic signaling in cardiomyocytes - Homo sapiens (human),16/633,154/8659,0.0967611116888786,0.203134254340229,0.132207583764519,2771/7170/2773/490/493/5595/207/2776/113/7171/5330/5331/5528/5525/5529/489,16
hsa05415,Diabetic cardiomyopathy - Homo sapiens (human),20/633,203/8659,0.10498189136489,0.218942497122829,0.142496196035446,25874/2936/7040/5579/1509/142/2539/653361/4790/1376/10105/207/5601/5330/5331/5580/2673/4689/126328/489,20
hsa04010,MAPK signaling pathway - Homo sapiens (human),28/633,301/8659,0.110139664717493,0.228197867421211,0.14851994691867,5495/7040/5579/6237/5532/3925/4790/5921/4763/5595/207/409/5494/5605/5601/6416/1398/5321/6197/5906/5604/5530/6789/6788/5922/57551/51347/3556,28
hsa04141,Protein processing in endoplasmic reticulum - Homo sapiens (human),17/633,170/8659,0.115493086959559,0.237735769910262,0.154727580615678,9871/10277/6185/823/824/5601/5886/1603/10484/201595/27248/80700/84061/56886/6238/11253/51465,17
hsa01521,EGFR tyrosine kinase inhibitor resistance - Homo sapiens (human),9/633,79/8659,0.12129845805279,0.248074910985384,0.161456691194207,5579/5336/4763/3716/5595/207/5605/6774/5604,9
hsa00910,Nitrogen metabolism - Homo sapiens (human),3/633,17/8659,0.123063549816677,0.250071444178761,0.162756111768345,2746/760/377677,3
hsa00240,Pyrimidine metabolism - Homo sapiens (human),7/633,58/8659,0.128531166827189,0.257500838434976,0.167591447229803,8623/7083/1633/1854/22978/1806/124583,7
hsa05216,Thyroid cancer - Homo sapiens (human),5/633,37/8659,0.129862678483113,0.257500838434976,0.167591447229803,7170/5595/5605/1026/5604,5
hsa00790,Folate biosynthesis - Homo sapiens (human),4/633,27/8659,0.130723535576009,0.257500838434976,0.167591447229803,231/5092/8836/10243,4
hsa01040,Biosynthesis of unsaturated fatty acids - Homo sapiens (human),4/633,27/8659,0.130723535576009,0.257500838434976,0.167591447229803,6342/3295/51/641371,4
hsa05414,Dilated cardiomyopathy - Homo sapiens (human),11/633,103/8659,0.130781182927543,0.257500838434976,0.167591447229803,7040/4000/3688/7170/3678/3693/113/7171/6645/3679/489,11
hsa04658,Th1 and Th2 cell differentiation - Homo sapiens (human),10/633,92/8659,0.133485449646385,0.261203009493234,0.170000962512615,920/5532/4790/3716/5595/6772/6776/5601/6777/5530,10
hsa04064,NF-kappa B signaling pathway - Homo sapiens (human),11/633,104/8659,0.137228080225038,0.265709459673519,0.172933933574663,23586/5579/4067/142/5336/4790/6850/695/472/8737/7706,11
hsa05418,Fluid shear stress and atherosclerosis - Homo sapiens (human),14/633,139/8659,0.137464830872105,0.265709459673519,0.172933933574663,1514/2950/7295/653361/1728/5175/4790/207/6383/5601/6416/6613/9446/9181,14
hsa04970,Salivary secretion - Homo sapiens (human),10/633,93/8659,0.140425993403369,0.268162891017277,0.17453072103399,1471/6522/5579/490/493/2776/113/5330/5331/3709,10
hsa05323,Rheumatoid arthritis - Homo sapiens (human),10/633,93/8659,0.140425993403369,0.268162891017277,0.17453072103399,7040/1514/526/528/529/523/9114/10312/3606/9296,10
hsa04613,Neutrophil extracellular trap formation - Homo sapiens (human),18/633,191/8659,0.159429153238103,0.302628991475921,0.196962584523594,10533/5579/3684/653361/5336/4790/5595/834/10105/207/5605/6850/837/5330/5331/5604/4689/10013,18
hsa04979,Cholesterol metabolism - Homo sapiens (human),6/633,51/8659,0.166244509037932,0.313158523293434,0.20381560871829,348/344/10577/26119/57552/9218,6
hsa01232,Nucleotide metabolism - Homo sapiens (human),9/633,85/8659,0.166952020304701,0.313158523293434,0.20381560871829,8623/203/7083/1633/1854/22978/2987/124583/50808,9
hsa05410,Hypertrophic cardiomyopathy - Homo sapiens (human),10/633,97/8659,0.169999454227561,0.316998982294922,0.206315127112086,7040/4000/3688/7170/3678/3693/7171/6645/3679/489,10
hsa00630,Glyoxylate and dicarboxylate metabolism - Homo sapiens (human),4/633,30/8659,0.172756516690311,0.320256232694905,0.208435070922136,5095/4594/50/55902,4
hsa00561,Glycerolipid metabolism - Homo sapiens (human),7/633,63/8659,0.17479548451447,0.322118928576124,0.209647385027131,231/223/224/8525/26007/160851/10554,7
hsa04360,Axon guidance - Homo sapiens (human),17/633,182/8659,0.176910263478591,0.322118928576124,0.209647385027131,5170/23380/9475/2771/3688/2773/6237/5532/4690/5336/5921/1072/5595/5530/3611/6093/1808,17
hsa03440,Homologous recombination - Homo sapiens (human),5/633,41/8659,0.177245351670222,0.322118928576124,0.209647385027131,472/10111/80198/57804/29086,5
hsa01522,Endocrine resistance - Homo sapiens (human),10/633,98/8659,0.177825906942655,0.322118928576124,0.209647385027131,5925/5595/207/5605/1026/1031/5601/113/5604/8202,10
hsa05214,Glioma - Homo sapiens (human),8/633,75/8659,0.180287084475803,0.32472162374335,0.211341319122353,5579/5925/5336/5595/207/5605/1026/5604,8
hsa00564,Glycerophospholipid metabolism - Homo sapiens (human),10/633,99/8659,0.185816658576911,0.332790286829836,0.216592715320099,8443/11313/2820/5321/5130/8525/160851/56994/79143/10554,10
hsa00770,Pantothenate and CoA biosynthesis - Homo sapiens (human),3/633,21/8659,0.195140216654633,0.347524992581566,0.226182628411047,224/1806/79717,3
hsa00052,Galactose metabolism - Homo sapiens (human),4/633,32/8659,0.203029923458258,0.357558254090377,0.232712660805957,231/2720/3098/7360,4
hsa04215,Apoptosis - multiple species - Homo sapiens (human),4/633,32/8659,0.203029923458258,0.357558254090377,0.232712660805957,317/5601/840/841,4
hsa05207,Chemical carcinogenesis - receptor activation - Homo sapiens (human),19/633,212/8659,0.207384092740809,0.363208604413461,0.236390126066872,9049/2771/5579/5925/2052/2773/4790/5595/896/207/409/5605/6774/6776/6777/6197/113/9446/5604,19
hsa04024,cAMP signaling pathway - Homo sapiens (human),20/633,225/8659,0.210246171627492,0.365024556298203,0.23757201738153,4659/9475/2771/2773/6237/4790/490/493/5595/207/5605/5601/113/5906/5604/2033/6093/51/1387/489,20
hsa04914,Progesterone-mediated oocyte maturation - Homo sapiens (human),10/633,102/8659,0.210723955213158,0.365024556298203,0.23757201738153,6793/2771/2773/5595/995/207/5601/6197/113/5604,10
hsa00220,Arginine biosynthesis - Homo sapiens (human),3/633,22/8659,0.214544539917285,0.369622930183584,0.24056481592556,2744/2746/435,3
hsa03410,Base excision repair - Homo sapiens (human),5/633,44/8659,0.216424220634706,0.370845826709199,0.241360724007979,5423/142/7515/11284/57804,5
hsa05032,Morphine addiction - Homo sapiens (human),9/633,91/8659,0.219451691013179,0.37401175296332,0.243421230552252,2771/5579/2773/409/2790/113/54331/2782/2783,9
hsa04930,Type II diabetes mellitus - Homo sapiens (human),5/633,46/8659,0.243908750942965,0.413470984218823,0.269102815563305,5315/3098/5595/5601/5580,5
hsa04150,mTOR signaling pathway - Homo sapiens (human),14/633,156/8659,0.249744913160102,0.421112433360386,0.274076164498209,5170/5579/526/528/5595/6249/207/5605/529/523/6197/5604/9296/253260,14
hsa04973,Carbohydrate digestion and absorption - Homo sapiens (human),5/633,47/8659,0.257983720568794,0.432702854075703,0.28161965598153,5579/3098/207/5330/5331,5
hsa00500,Starch and sucrose metabolism - Homo sapiens (human),4/633,36/8659,0.267472628987898,0.446256965206125,0.290441192696,5834/3098/178/7360,4
hsa05412,Arrhythmogenic right ventricular cardiomyopathy - Homo sapiens (human),8/633,84/8659,0.270195733327726,0.448440039083189,0.291862021120057,4000/3688/3678/3693/1495/6645/3679/489,8
hsa00250,Alanine, aspartate and glutamate metabolism - Homo sapiens (human),4/633,37/8659,0.284152622988478,0.469147820246602,0.305339441369198,2744/2746/435/2673,4
hsa04925,Aldosterone synthesis and secretion - Homo sapiens (human),9/633,98/8659,0.287455433770968,0.472141826452834,0.307288055735532,5579/490/493/2776/113/5330/5331/3709/25865,9
hsa05210,Colorectal cancer - Homo sapiens (human),8/633,86/8659,0.291759531135631,0.476741089536056,0.310281433003709,7040/5899/5595/207/5605/1026/5601/5604,8
hsa04115,p53 signaling pathway - Homo sapiens (human),7/633,74/8659,0.295731133303291,0.480752662857145,0.312892319176491,317/11200/3732/896/1026/472/841,7
hsa05144,Malaria - Homo sapiens (human),5/633,50/8659,0.301231282894047,0.487195493252107,0.317085560941102,7040/5175/6383/3043/3606,5
hsa05022,Pathways of neurodegeneration - multiple diseases - Homo sapiens (human),38/633,476/8659,0.306111449889812,0.49257527723386,0.3205869312231,317/9246/11258/5579/2876/823/5532/824/4790/7317/2878/5595/10105/3799/5605/7318/3064/5601/2776/840/10121/5330/5331/5604/3831/5530/10381/10540/1639/3709/841/126328/90550/489/89953/55860/29110/51465,38
hsa00062,Fatty acid elongation - Homo sapiens (human),3/633,27/8659,0.315778203193362,0.505564092991393,0.329040551971818,10449/3032/641371,3
hsa01240,Biosynthesis of cofactors - Homo sapiens (human),13/633,153/8659,0.327208827806558,0.520898007269096,0.339020453012594,203/7389/210/1728/2729/2937/224/7360/8836/79717/64802/10243/50808,13
hsa00603,Glycosphingolipid biosynthesis - globo and isoglobo series - Homo sapiens (human),2/633,16/8659,0.328642275879556,0.520898007269096,0.339020453012594,3073/3074,2
hsa04927,Cortisol synthesis and secretion - Homo sapiens (human),6/633,65/8659,0.338580017374141,0.533979430386083,0.347534346191839,2776/113/5330/5331/3709/57552,6
hsa04216,Ferroptosis - Homo sapiens (human),4/633,41/8659,0.351973098394957,0.55235382272872,0.359493107271556,10533/2180/2729/2937,4
hsa00120,Primary bile acid biosynthesis - Homo sapiens (human),2/633,17/8659,0.35605277268794,0.553278083049397,0.360094651428464,6342/3295,2
hsa00450,Selenocompound metabolism - Homo sapiens (human),2/633,17/8659,0.35605277268794,0.553278083049397,0.360094651428464,56267/10587,2
hsa00010,Glycolysis / Gluconeogenesis - Homo sapiens (human),6/633,67/8659,0.365228982554732,0.562425942968201,0.366048430422605,5315/3098/223/224/5106/55902,6
hsa05208,Chemical carcinogenesis - reactive oxygen species - Homo sapiens (human),18/633,223/8659,0.365488152212774,0.562425942968201,0.366048430422605,5170/2052/653361/1728/5770/4790/5595/10105/207/5605/5601/6416/9446/5604/5580/5795/126328/25865,18
hsa00380,Tryptophan metabolism - Homo sapiens (human),4/633,42/8659,0.369023091293346,0.56512231855068,0.367803335334329,223/224/1962/56267,4
hsa04650,Natural killer cell mediated cytotoxicity - Homo sapiens (human),11/633,132/8659,0.371044250729396,0.56548570904432,0.368039843840899,7305/5579/5532/5336/5595/5605/6850/5604/5530/3937/2185,11
hsa04151,PI3K-Akt signaling pathway - Homo sapiens (human),28/633,359/8659,0.387747361211756,0.588114418680032,0.382767478204504,5170/3688/3678/3693/4790/3716/10971/5595/896/207/7529/5605/1026/6850/2790/54331/7531/2782/2783/7534/5604/3679/5528/5525/5585/5586/5529/5106,28
hsa00030,Pentose phosphate pathway - Homo sapiens (human),3/633,31/8659,0.397700278523412,0.600338039485341,0.390723080654581,9563/2539/51071,3
hsa04920,Adipocytokine signaling pathway - Homo sapiens (human),6/633,70/8659,0.405342311477122,0.608973994020131,0.396343691940713,4790/207/2180/6774/5601/5106,6
hsa00785,Lipoic acid metabolism - Homo sapiens (human),2/633,19/8659,0.40954778345342,0.612389846012897,0.39856685976599,1629/593,2
hsa03083,Polycomb repressive complex - Homo sapiens (human),7/633,84/8659,0.417129858745333,0.620798897757139,0.404039793991032,8535/2033/5931/1912/80012/1387/7874,7
hsa05218,Melanoma - Homo sapiens (human),6/633,72/8659,0.431997239634393,0.639921144692068,0.416485287596365,5925/5595/207/5605/1026/5604,6
hsa05010,Alzheimer disease - Homo sapiens (human),29/633,384/8659,0.455506795470839,0.671276151961096,0.43689233200855,102/317/348/823/5532/824/5610/4790/5595/10105/207/3799/5605/5601/2776/840/5330/5331/5604/3831/5530/10381/8883/3709/841/126328/90550/489/89953,29
hsa00051,Fructose and mannose metabolism - Homo sapiens (human),3/633,34/8659,0.457399523102829,0.671276151961096,0.43689233200855,231/3098/26007,3
hsa00590,Arachidonic acid metabolism - Homo sapiens (human),5/633,61/8659,0.463723283811867,0.677420649623787,0.44089140735933,874/4048/6916/5321/22949,5
hsa04936,Alcoholic liver disease - Homo sapiens (human),11/633,142/8659,0.46656836954058,0.678450335524605,0.441561566537681,34/4790/207/5601/6416/223/224/8737/841/51/29110,11
hsa05017,Spinocerebellar ataxia - Homo sapiens (human),11/633,143/8659,0.476062099700559,0.6889936802394,0.448423580697069,4976/5579/10105/207/5601/2776/5330/5331/3709/90550/489,11
hsa04330,Notch signaling pathway - Homo sapiens (human),5/633,62/8659,0.478165961049426,0.6889936802394,0.448423580697069,8650/2033/151636/1387/83737,5
hsa04020,Calcium signaling pathway - Homo sapiens (human),19/633,253/8659,0.486330338490169,0.697586956114857,0.454016415070603,5579/5532/5336/490/493/10105/2776/113/5330/5331/5530/444/6786/2185/3709/90550/489/5257/5025,19
hsa04514,Cell adhesion molecules - Homo sapiens (human),12/633,158/8659,0.489122971346449,0.698432350976686,0.45456663055431,920/3688/5788/3684/4684/4267/5175/3385/6383/5819/2734/50848,12
hsa00310,Lysine degradation - Homo sapiens (human),5/633,63/8659,0.492476905693665,0.70006806773494,0.455631217918142,223/224/1962/80854/55217,5
hsa00565,Ether lipid metabolism - Homo sapiens (human),4/633,50/8659,0.50205058477545,0.708075915084084,0.460843032895502,387521/5048/5321/56994,4
hsa05206,MicroRNAs in cancer - Homo sapiens (human),23/633,310/8659,0.50257754225211,0.708075915084084,0.460843032895502,2744/5579/3678/7431/5336/3925/4790/5595/995/5962/5605/1026/6774/1398/5604/2033/472/6093/27250/1387/1789/6768/1788,23
hsa04614,Renin-angiotensin system - Homo sapiens (human),2/633,23/8659,0.509307146278437,0.714382147656037,0.464947371544358,5547/4012,2
hsa00760,Nicotinate and nicotinamide metabolism - Homo sapiens (human),3/633,37/8659,0.514449453321138,0.715265248696494,0.465522127659017,22978/23530/64802,3
hsa04960,Aldosterone-regulated sodium reabsorption - Homo sapiens (human),3/633,37/8659,0.514449453321138,0.715265248696494,0.465522127659017,5170/5579/5595,3
hsa05321,Inflammatory bowel disease - Homo sapiens (human),5/633,65/8659,0.520646822055285,0.720720710006661,0.469072751656336,7040/4790/6774/6772/3606,5
hsa05340,Primary immunodeficiency - Homo sapiens (human),3/633,38/8659,0.532746821528898,0.731630207555192,0.476173072159448,920/5788/695,3
hsa05171,Coronavirus disease - COVID-19 - Homo sapiens (human),17/633,232/8659,0.533143779007096,0.731630207555192,0.476173072159448,23586/2162/5579/5336/5610/4790/3716/5595/834/6774/6772/6850/5601/6773/57506/340061/29110,17
hsa00983,Drug metabolism - other enzymes - Homo sapiens (human),6/633,80/8659,0.535575897411769,0.731799825342805,0.476283465937871,7083/2950/1854/7172/9446/1806,6
hsa04350,TGF-beta signaling pathway - Homo sapiens (human),8/633,108/8659,0.537888268306675,0.731805068897923,0.47628687864517,7040/5595/3397/2014/2033/6093/9765/1387,8
hsa04630,JAK-STAT signaling pathway - Homo sapiens (human),12/633,166/8659,0.559874281677859,0.758462167914023,0.49363634371957,10254/3716/896/207/1026/6774/6772/6776/6777/6773/2033/1387,12
hsa00130,Ubiquinone and other terpenoid-quinone biosynthesis - Homo sapiens (human),1/633,11/8659,0.566361505550059,0.763985520252633,0.497231153808787,1728,1
hsa00592,alpha-Linolenic acid metabolism - Homo sapiens (human),2/633,26/8659,0.576529647157803,0.774406348089083,0.504013429272656,5321/51,2
hsa04923,Regulation of lipolysis in adipocytes - Homo sapiens (human),4/633,58/8659,0.62134201837197,0.83107772077601,0.540897337778841,2771/2773/207/113,4
hsa03450,Non-homologous end-joining - Homo sapiens (human),1/633,13/8659,0.627522921067944,0.83581834444764,0.543982717953636,10111,1
hsa04392,Hippo signaling pathway - multiple species - Homo sapiens (human),2/633,29/8659,0.636768922281347,0.844584721184883,0.549688213024197,9770/6788,2
hsa01230,Biosynthesis of amino acids - Homo sapiens (human),5/633,75/8659,0.64961843546713,0.858037683512834,0.558443918208585,3417/435/5315/3418/50,5
hsa00053,Ascorbate and aldarate metabolism - Homo sapiens (human),2/633,30/8659,0.655296897842795,0.858384779405645,0.558669821562365,223/224,2
hsa01523,Antifolate resistance - Homo sapiens (human),2/633,30/8659,0.655296897842795,0.858384779405645,0.558669821562365,4790/8836,2
hsa03050,Proteasome - Homo sapiens (human),3/633,46/8659,0.663847177373893,0.866006400113268,0.563630265390007,5698/5699/5720,3
hsa03060,Protein export - Homo sapiens (human),2/633,31/8659,0.673062181933787,0.870991998554189,0.566875084564572,6726/23478,2
hsa05222,Small cell lung cancer - Homo sapiens (human),6/633,92/8659,0.67316416292043,0.870991998554189,0.566875084564572,317/3688/5925/4790/207/1026,6
hsa00730,Thiamine metabolism - Homo sapiens (human),1/633,15/8659,0.680069674883008,0.876349946902087,0.570362243376421,203,1
hsa04612,Antigen processing and presentation - Homo sapiens (human),5/633,78/8659,0.683725035700616,0.87693281225056,0.570741594557894,920/1514/1508/1520/5720,5
hsa03420,Nucleotide excision repair - Homo sapiens (human),4/633,63/8659,0.686054692233876,0.87693281225056,0.570741594557894,2067/5886/8450/57804,4
hsa05030,Cocaine addiction - Homo sapiens (human),3/633,49/8659,0.705547477348604,0.898227109716897,0.584600742170054,2771/2773/4790,3
hsa00330,Arginine and proline metabolism - Homo sapiens (human),3/633,50/8659,0.718536640704337,0.909952706738728,0.592232211591535,223/224/55748,3
hsa04390,Hippo signaling pathway - Homo sapiens (human),10/633,157/8659,0.720498830887763,0.909952706738728,0.592232211591535,7040/10971/896/7529/1495/3397/7531/7534/6788/85409,10
hsa04913,Ovarian steroidogenesis - Homo sapiens (human),3/633,51/8659,0.731076876505944,0.919648293065017,0.598542471993171,5321/113/641371,3
hsa04310,Wnt signaling pathway - Homo sapiens (human),11/633,174/8659,0.735471566738173,0.921519710102771,0.599760462162189,9475/5579/5532/896/5601/5330/5331/5530/2033/1387/85409,11
hsa00061,Fatty acid biosynthesis - Homo sapiens (human),1/633,18/8659,0.745340773487447,0.926270045687968,0.602852163223781,2180,1
hsa00040,Pentose and glucuronate interconversions - Homo sapiens (human),2/633,36/8659,0.750950794138195,0.926270045687968,0.602852163223781,231/7360,2
hsa00350,Tyrosine metabolism - Homo sapiens (human),2/633,36/8659,0.750950794138195,0.926270045687968,0.602852163223781,2954/1312,2
hsa03030,DNA replication - Homo sapiens (human),2/633,36/8659,0.750950794138195,0.926270045687968,0.602852163223781,10535/57804,2
hsa05012,Parkinson disease - Homo sapiens (human),17/633,266/8659,0.754401147996365,0.926919239980029,0.603274683832262,317/9246/2771/2773/7295/7317/10105/3799/7318/5601/3831/10381/3709/126328/90550/89953/51465,17
hsa04911,Insulin secretion - Homo sapiens (human),5/633,86/8659,0.763356094864667,0.934300702981079,0.608078823789778,5579/2776/113/5330/5331,5
hsa00190,Oxidative phosphorylation - Homo sapiens (human),8/633,134/8659,0.773020919189935,0.942490889935421,0.613409312393633,526/528/529/523/9114/10312/9296/126328,8
hsa00100,Steroid biosynthesis - Homo sapiens (human),1/633,20/8659,0.781286514858888,0.946197227288761,0.615821539261488,3930,1
hsa05020,Prion disease - Homo sapiens (human),17/633,272/8659,0.785178247950213,0.946197227288761,0.615821539261488,317/4684/653361/5532/5595/10105/3799/5601/5580/3831/5530/10381/3709/4689/126328/90550/89953,17
hsa04512,ECM-receptor interaction - Homo sapiens (human),5/633,89/8659,0.788998001889825,0.946197227288761,0.615821539261488,3688/3678/3693/961/3679,5
hsa04976,Bile secretion - Homo sapiens (human),5/633,89/8659,0.788998001889825,0.946197227288761,0.615821539261488,760/6522/2052/113/57552,5
hsa04152,AMPK signaling pathway - Homo sapiens (human),7/633,121/8659,0.790985063821835,0.946197227288761,0.615821539261488,5170/207/5528/5525/9230/5529/5106,7
hsa04932,Non-alcoholic fatty liver disease - Homo sapiens (human),9/633,155/8659,0.808661964452943,0.963706175682643,0.627217036140787,7040/4790/207/5601/1050/840/841/126328/83737,9
hsa03430,Mismatch repair - Homo sapiens (human),1/633,23/8659,0.825931587059017,0.97744435303354,0.636158370229367,57804,1
hsa04657,IL-17 signaling pathway - Homo sapiens (human),5/633,94/8659,0.82685898056535,0.97744435303354,0.636158370229367,4790/5595/5601/841/29110,5
hsa00980,Metabolism of xenobiotics by cytochrome P450 - Homo sapiens (human),4/633,78/8659,0.831860559802944,0.97744435303354,0.636158370229367,874/2052/2950/9446,4
hsa00860,Porphyrin metabolism - Homo sapiens (human),2/633,43/8659,0.832842506477189,0.97744435303354,0.636158370229367,7389/210,2
hsa00230,Purine metabolism - Homo sapiens (human),7/633,128/8659,0.835988305734765,0.97744435303354,0.636158370229367,203/1633/22978/113/2987/124583/50808,7
hsa04977,Vitamin digestion and absorption - Homo sapiens (human),1/633,24/8659,0.838690422792186,0.97744435303354,0.636158370229367,686,1
hsa03015,mRNA surveillance pathway - Homo sapiens (human),5/633,97/8659,0.846807879244139,0.983289735239531,0.63996276973916,8732/5528/5525/5529/84305,5
hsa05014,Amyotrophic lateral sclerosis - Homo sapiens (human),22/633,364/8659,0.854373707313401,0.988454252621708,0.643324036240594,317/11258/2876/5216/5532/310/2878/834/3799/311/10121/3831/5530/10381/10540/1639/126328/90550/89953/55860/10013/29110,22
hsa00563,Glycosylphosphatidylinositol (GPI)-anchor biosynthesis - Homo sapiens (human),1/633,26/8659,0.861474864340716,0.989742299227842,0.644162346500604,10026,1
hsa05226,Gastric cancer - Homo sapiens (human),8/633,149/8659,0.861731465573767,0.989742299227842,0.644162346500604,7040/5925/5595/207/1495/5605/1026/5604,8
hsa04714,Thermogenesis - Homo sapiens (human),13/633,232/8659,0.875756533663379,0.999999999988066,0.650838452590606,8289/788/86/1376/2180/6595/6197/113/51780/126328/6601/6603/6602,13
hsa05416,Viral myocarditis - Homo sapiens (human),3/633,67/8659,0.877111101773388,0.999999999988066,0.650838452590606,8672/6645/841,3
hsa04260,Cardiac muscle contraction - Homo sapiens (human),4/633,87/8659,0.888624933334892,0.999999999988066,0.650838452590606,7170/7171/444/489,4
hsa05031,Amphetamine addiction - Homo sapiens (human),3/633,69/8659,0.889249651194942,0.999999999988066,0.650838452590606,5579/5532/5530,3
hsa05034,Alcoholism - Homo sapiens (human),10/633,188/8659,0.889667695957026,0.999999999988066,0.650838452590606,2771/2773/5595/2790/54331/2782/2783/5604/55315/10013,10
hsa04744,Phototransduction - Homo sapiens (human),1/633,29/8659,0.889769601229604,0.999999999988066,0.650838452590606,2782,1
hsa05204,Chemical carcinogenesis - DNA adducts - Homo sapiens (human),3/633,70/8659,0.894907600168958,0.999999999988066,0.650838452590606,2052/2950/9446,3
hsa00591,Linoleic acid metabolism - Homo sapiens (human),1/633,30/8659,0.897854866863632,0.999999999988066,0.650838452590606,5321,1
hsa04550,Signaling pathways regulating pluripotency of stem cells - Homo sapiens (human),7/633,143/8659,0.906479130909149,0.999999999988066,0.650838452590606,3716/5595/207/5605/6774/3397/5604,7
hsa04136,Autophagy - other - Homo sapiens (human),1/633,32/8659,0.912292177921713,0.999999999988066,0.650838452590606,10533,1
hsa03460,Fanconi anemia pathway - Homo sapiens (human),2/633,54/8659,0.913455624262917,0.999999999988066,0.650838452590606,2067/80198,2
hsa05224,Breast cancer - Homo sapiens (human),7/633,147/8659,0.920202142619723,0.999999999988066,0.650838452590606,5925/5595/207/5605/1026/5604/8202,7
hsa03018,RNA degradation - Homo sapiens (human),3/633,79/8659,0.935230615887815,0.999999999988066,0.650838452590606,9924/54464/28960,3
hsa00512,Mucin type O-glycan biosynthesis - Homo sapiens (human),1/633,36/8659,0.935340582733627,0.999999999988066,0.650838452590606,2590,1
hsa04640,Hematopoietic cell lineage - Homo sapiens (human),4/633,99/8659,0.937903857368492,0.999999999988066,0.650838452590606,920/3678/951/3684,4
hsa04978,Mineral absorption - Homo sapiens (human),2/633,60/8659,0.940322280767629,0.999999999988066,0.650838452590606,490/493,2
hsa04213,Longevity regulating pathway - multiple species - Homo sapiens (human),2/633,61/8659,0.943947874573313,0.999999999988066,0.650838452590606,207/113,2
hsa00140,Steroid hormone biosynthesis - Homo sapiens (human),2/633,62/8659,0.947363381002799,0.999999999988066,0.650838452590606,1312/51170,2
hsa00260,Glycine, serine and threonine metabolism - Homo sapiens (human),1/633,40/8659,0.95233919077968,0.999999999988066,0.650838452590606,63826,1
hsa04610,Complement and coagulation cascades - Homo sapiens (human),3/633,86/8659,0.956140156631955,0.999999999988066,0.650838452590606,2162/3684/2153,3
hsa00970,Aminoacyl-tRNA biosynthesis - Homo sapiens (human),2/633,66/8659,0.959142368038537,0.999999999988066,0.650838452590606,23438/55157,2
hsa04975,Fat digestion and absorption - Homo sapiens (human),1/633,43/8659,0.962088872303891,0.999999999988066,0.650838452590606,10554,1
hsa04211,Longevity regulating pathway - Homo sapiens (human),3/633,89/8659,0.963005824803924,0.999999999988066,0.650838452590606,4790/207/113,3
hsa00514,Other types of O-glycan biosynthesis - Homo sapiens (human),1/633,47/8659,0.972062697440574,0.999999999988066,0.650838452590606,2590,1
hsa00982,Drug metabolism - cytochrome P450 - Homo sapiens (human),2/633,72/8659,0.972199144457856,0.999999999988066,0.650838452590606,2950/9446,2
hsa04672,Intestinal immune network for IgA production - Homo sapiens (human),1/633,49/8659,0.976018885764552,0.999999999988066,0.650838452590606,7040,1
hsa04340,Hedgehog signaling pathway - Homo sapiens (human),1/633,56/8659,0.98595116399729,0.999999999988066,0.650838452590606,409,1
hsa03013,Nucleocytoplasmic transport - Homo sapiens (human),3/633,108/8659,0.987874951083471,0.999999999988066,0.650838452590606,6613/55705/84305,3
hsa04742,Taste transduction - Homo sapiens (human),2/633,86/8659,0.988900401669634,0.999999999988066,0.650838452590606,5330/5331,2
hsa05202,Transcriptional misregulation in cancer - Homo sapiens (human),7/633,193/8659,0.989665204925469,0.999999999988066,0.650838452590606,3684/4790/1026/1031/1050/2313/472,7
hsa05217,Basal cell carcinoma - Homo sapiens (human),1/633,63/8659,0.991773504002866,0.999999999988066,0.650838452590606,1026,1
hsa00830,Retinol metabolism - Homo sapiens (human),1/633,68/8659,0.994388534996781,0.999999999988066,0.650838452590606,10901,1
hsa05150,Staphylococcus aureus infection - Homo sapiens (human),1/633,96/8659,0.999344097993736,0.999999999988066,0.650838452590606,3684,1
hsa04061,Viral protein interaction with cytokine and cytokine receptor - Homo sapiens (human),1/633,100/8659,0.99951760407008,0.999999999988066,0.650838452590606,3606,1
hsa04974,Protein digestion and absorption - Homo sapiens (human),1/633,103/8659,0.999616924303261,0.999999999988066,0.650838452590606,5547,1
hsa05322,Systemic lupus erythematosus - Homo sapiens (human),2/633,137/8659,0.999665104039849,0.999999999988066,0.650838452590606,81/87,2
hsa03008,Ribosome biogenesis in eukaryotes - Homo sapiens (human),1/633,165/8659,0.999996794113986,0.999999999988066,0.650838452590606,54464,1
hsa04060,Cytokine-cytokine receptor interaction - Homo sapiens (human),5/633,297/8659,0.999998196736003,0.999999999988066,0.650838452590606,7040/920/3603/3606/3556,5
hsa03040,Spliceosome - Homo sapiens (human),1/633,216/8659,0.999999939001456,0.999999999988066,0.650838452590606,10929,1
hsa04080,Neuroactive ligand-receptor interaction - Homo sapiens (human),2/633,367/8659,0.999999999986734,0.999999999988066,0.650838452590606,2908/5025,2
hsa04740,Olfactory transduction - Homo sapiens (human),4/633,439/8659,0.999999999988066,0.999999999988066,0.650838452590606,409/83988/2782/125963,4
